﻿<?xml version="1.0" encoding="utf-8" ?>
<hibernate-configuration  xmlns="urn:nhibernate-configuration-2.2" >
	<session-factory>
		<property name='proxyfactory.factory_class'>NHibernate.ByteCode.Castle.ProxyFactoryFactory, NHibernate.ByteCode.Castle</property>
		<property name="connection.driver_class">NHibernate.Driver.SqlClientDriver</property>
		<property name="connection.connection_string">Server=.;Initial Catalog=NHTest;Integrated Security=True;Pooling=False</property>
		<property name="dialect">NHibernate.Dialect.MsSql2005Dialect</property>
	</session-factory>
</hibernate-configuration>